Title,Category 2,Category 3,Supplement Facts,fail_reason
"MediNatura, WellMind Calming Day/Night, 100 Tablets",Homeopathy Formulas,Cognitive & Memory Formulas,,공란 또는 타입 오류
"Natrol, B-Complex, Fast Dissolve, Coconut, 90 Tablets",Vitamin B Complex,,"Supplement FactsServing Size: 1 TabletServings Per Container: 90 Amount Per Serving% DVVitamin B1 (as Thiamine Hydrochloride)0.50 mg40%Vitamin B2 (Riboflavin)0.57 mg45%Vitamin B3 (as Niacinamide)3.33 mg20%Vitamin B6 (as Pyridoxine HCI)0.67 mg40%Vitamin B12 (as Cyanocobalamin)10 mcg420%Biotin333 mcg1,110%Pantothenic Acid (as D-Calcium Pantothenate)1.67 mg35%Coconut Powder (4:1)167 mg** Daily Values (DV) not established.",성분 추출 실패
"NOW Foods, Glycine, Pure Powder, 1 lb (454 g)",L-Glycine,,"

Supplement Facts


Serving Size: 3/4 Level Teaspoon (approx. 3 g)


Servings Per Container: about 151


 
Amount Per Serving
% Daily Value


Glycine (Free-Form)
3 g (3,000 mg)
*


* Daily Value not established.

",성분 추출 실패
"Nature's Bounty, Selenium, 200 mcg, 100 Tablets",Selenium,,Supplement FactsServing Size: 1 TabletAmount Per Serving%Daily ValueSelenium (as Selenium Yeast)200 mcg364%,성분 추출 실패
"Dr. Mercola, Zinc plus Selenium, 30 Capsules",Zinc,Selenium,Supplement FactsServing Size: 1 CapsuleServings Per Container: 30 Amount Per Serving%DVZinc (from Zinc Bisglycinate Chelate)15 mg136%Selenium [from Selenium Yeast (Saccharomyces cerevisiae)]200 mcg364%Copper (from Copper Bisglycinate Chelate)0.25 mg28%,성분 추출 실패
"Zand, Echinacea Zinc, Very Cherry, 80 Throat Lozenges",Zinc,Sore Throat & Cough Lozenges,"Supplement FactsServing Size: 1 lozenge (3.8 g)Servings Per Container: 80 Amount Per Serving% Daily ValueCalories15 Total Carbohydrate3 g1%†Sugars2 g*Zinc (from Zinc Gluconate)5 mg45%†Proprietary BlendBrown Rice Syrup, Natural Cherry Flavor, Citric Acid and extracts of Echinacea Root (Echinacea purpurea), Hibiscus Flower, Orange Peel, Lemon Peel, Rose Hips (Rosa canina), Lemongrass (Cymbopogon citratus), Perilla Leaf and Schizonepeta Herb.3.8 g** Daily Value not established.† Percent Daily Values are based on a 2,000 calorie diet.",성분 추출 실패
"Harney & Sons, Paris Tea, 1 lb ",Black Tea,Herbal Tea,,공란 또는 타입 오류
"Crystal Star, Liver Renew, 90 Vegetarian Capsules",Liver Formulas,,"Supplement FactsServing Size: 2 capsulesServings Per Container: 45 Amount Per Serving%Daily ValueProprietary herbal blend1.3 g †Burdock (Root), Artichoke (Leaf), Milk Thistle Extract (Seed), Bupleurum Extract (Root), Wild Yam (Root), Lycium (Goji Berry), Dandelion (Root), Oregon Grape (Root), Ginkgo Biloba (Leaf), Reishi Mushroom, Schisandra (Fruit), Chinese Salvia (Root), Dandelion (Leaf), Gynostemma, Barberry (Root Bark), Tribulus (Fruit), Watercress (Leaf), Grape (Seed), Ginger, Cardamom, Turmeric, Maitake Mushroom†Daily Value not established",성분 추출 실패
"Superior Source, Methylcobalamin B-12, B-6 & Folic, 60 MicroLingual Instant Dissolve Tablets",Vitamin B,,"Supplement FactsServing Size: 1 MicroLingual® TabletServings Per Container: 60 Amount Per Serving% Daily ValueVitamin B6 (as pyridoxine hydrochloride)2 mg117.7%Folate (as folic acid)1,333 mcg DFE(800 mcg folic acid)333%Vitamin B12 (as methylcobalamin)1,000 mcg41,667%Stevia Leaf Extract2 mg††Daily value not established.",성분 추출 실패
"Life Extension, Standardized Cistanche, 30 Vegetarian Capsules",Herbs,Immune Formulas,"Supplement FactsServing Size: 1 Vegetarian Capsule Amount Per Serving% Daily ValueVitamin C (as ascorbyl palmitate)2 mg2%Cistanche tubulosa extract (stem, leaf) [std. to 22% echinacosides]210 mg**** Daily Value not established.",성분 추출 실패
"NutraChamps, L-Arginine, 60 Easy-to-Swallow Veggie Capsules",L-Arginine,,Supplement FactsServing Size: 2 CapsulesServings Per Container: 30Amount Per Serving%Daily ValueL-Arginine HCI500 mg**L-Arginine Alphaketoglutarate 2:1500 mg**L-Citrulline DL-Malate 2:1250 mg**Grape Seed Extract (Vitis vinifera) (Standardized to 95% Proanthocyanidins)50 mg**Ginger Root Powder (Zingiber officinale)30 mg****Daily Value (DV) not established.,성분 추출 실패
"NOW Foods, Elderberry, 500 mg, 120 Veg Capsules",Elderberry Sambucus,Common Cold & Flu,Supplement FactsServing Size: 1 Veg Capsule Amount Per Serving%Daily ValueElderberry (10:1 Concentrate) (Sambucus nigra) (Fruit)500 mg****Daily Value not established.,성분 추출 실패
"EPI, Moducare, 90 Vegetarian Capsules",Pine Bark Extract,Immune Formulas,Supplement FactsServing Size: 1 CapsuleServings Per Container: 90 Amount Per Serving% Daily ValueModucare®   Plant Sterols (from Maritime Pine)20 mg**Plant Sterolins (from Maritime Pine)0.2 mg**** Daily Value not established,성분 추출 실패
"Sports Research, Women's Probiotics, Cranberry + Prebiotics, 30 Delayed Release Veggie Capsules",Probiotics,Women's Health,"Supplement FactsServing Size: 1 Veggie CapsuleServings Per Container: 30 Amount Per Serving%Daily Value*Women's Probiotic BlendBifidobacterium bifidum, Bifidobacterium breve, Bifidobacterium longum subsp. infantis, Bifidobacterium animalis subsp. lactis, Bifidobacterium longum subsp. longum, Lactobacillus acidophilus, Lactobacillus casei, Lactobacillus fermentum, Lactobacillus gasseri, Lactobacillus jensenii, Lactobacillus paracasei, Lactobacillus plantarum WCFS1™, Lactobacillus reuteri, Lactobacillus rhamnosus GG, Lactobacillus salivarius, Lactococcus lactis subsp. lactis.298 mg (65 Billion CFU)*Prebiotic BlendOrganic Acacia Senegal Gum, Organic Inulin (from Jerusalem Artichoke (tuber) and Agave).60 mg *Cranberry Powder(Vaccinium macrocarpon, fruit) (37:1)60 mg **Daily Value not established.",성분 추출 실패
"Nature Made, Folic Acid, 400 mcg, 250 Tablets",Folic Acid,,Supplement FactsServing Size: 1 Tablet Amount Per Serving% Daily ValueFolate665 mcg DFE(400 mcg Folic Acid)167%Calcium (as Calcium Carbonate and Dibasic Calcium Phosphate)70 mg6%DFE = Dietary Folate Equivalents,성분 추출 실패
"Enzymedica, Digest Spectrum, Complete Food Intolerance Formula, 90 Capsules",Digestive Enzymes,,"Supplement FactsServing Size: 2 CapsulesServing Per Container: 45 Amount Per Serving%DVDPP-IV1,400 DPPU**Amylase Thera-blend™14,000 DU**Xylanase20,000 XU**Protease Thera-blend™98,000 HUT**Alpha Galactosidase600 GalU**Glucoamylase40 AGU**Lactase2,000 ALU**Lipase Thera-blend™916 FCCFIP**Maltase200 DPº**Cellulase Thera-blend™400 CU**Invertase150 SU**Pectinase (w/Phytase)50 Endo-PGU**Hemicellulase50 HCU**** Daily Value not established",성분 추출 실패
"Ojio, Chlorella Spirulina, 50/50 Blend, 250 mg, 1,000 Tablets",Chlorella,Spirulina,"Supplement FactsServing Size: 12 tablets (3 g)Servings Per Container: 83 Amount Per Serving%Daily Value*Calories12 Total Fat<1 g<1%Total Carbohydrate<1 g<1%Protein2 g4%Vitamin A482 IU10%Vitamin D109 IU27%Vitamin K48 mcg60%Thiamin (B1)0.08 mg5%Riboflavin (B2)1.7 mg7%Niacin (B3)0.8 mg4%Vitamin B60.06 mg3%Folate (B9)273 mcg7%Vitamin B120.1 mcg2%Iron2 mg11%Phosphorus40 mg4%Magnesium12 mg3%Manganese0.12 mg6%Sodium8 mg1%Chlorella (Chlorella pyrenoidosa) & Spirulina (Spirulina platensis)3 g**Phycocyanin8 mg**Chlorophyll50 mg***Percent Daily Values (DV) based on 2,000 calorie diet.**Daily Value not established.",성분 추출 실패
"Nordic Naturals, Nordic Omega-3 Fishies, For Ages 2+, Yummy Tutti Frutti Taste, 300 mg, 36 Fishies",Children's DHA & Omegas,,"Supplement FactsServing Size: 1 FishieServings Per Box: 36 Amount Per Serving% 2-4 yrs♦% 4+ yrs**Calories5  Total Fat0.5 g1%<1%Saturated Fat0 g†0%Trans Fat0 g††Total Omega-3s300 mg††EPA (Eicosapentaenoic Acid)150 mg††DHA (Docosahexaenoic Acid)100 mg††Other Omega-3s50 mg††♦Percent Daily Values are based on a 1,000 calorie diet.**Percent Daily Values are based on a 2,000 calorie diet.†Daily Value not established.1Daily Value (DV) for children 1-3 years of age. 2Daily Value (DV) for adults and children over 4 years of age. ",성분 추출 실패
"Ovega-3, Vegan Omega-3, DHA + EPA, 500 mg, 60 Vegetarian Capsules",Omega-3 Fish Oil,,"Supplement FactsServing Size: One (1) Softgel Amount Per Serving%Daily ValueCalories10 Total Fat1 g1%**Total Carbohydrate1 g0%**Total Sugars0 g†Incl. 0 g Added Sugars 0%**Sugar Alcohol<1 g†Omega-3 fatty acids (from Algal Oil)DHA (docosahexaenoic acid)EPA (eicosapentaenoic acid)500 mg270 mg135 mg†††**Percent Daily Values based on a 2,000 calorie diet† Daily Value not established.",성분 추출 실패
"Vplab, L-Carnitine, 500 mg, 90 Capsules",L-Carnitine,,Supplement FactsServing Size: 3 CapsulesServings Per Container: 90 Amount Per Serving%Daily Value* L-Carnitine L-Tartrate1500 mg* *Daily Value not established.,성분 추출 실패
"Choice Organic Teas, Herbal Tea, Mandarin Ginger, Caffeine Free, 16 Tea Bags, 1.02 oz (29 g)",Ginger Tea,Herbal Tea,,공란 또는 타입 오류
"Twinings, Herbal Tea, Camomile, Honey & Vanilla, Caffeine Free, 20 Tea Bags, 1.13 oz (32 g)",Chamomile Tea,,,공란 또는 타입 오류
"21st Century, Niacin, Prolonged Release, 250 mg, 110 Tablets",B3 Niacin,,"Supplement FactsServing Size: 1 Tablet Amount Per Serving% Daily ValueNiacin250 mg1,563%Calcium (as Calcium Carbonate)125 mg10%",성분 추출 실패
"Enzymedica, Digest Spectrum, Complete Food Intolerance Formula, 30 Capsules",Digestive Enzymes,,"Supplement FactsServing Size: 2 CapsulesServings Per Container:  15 Amount Per Serving%Daily ValueDPP-IV1,400 DPPU**Amylase Thera-blend™14,000 DU**Xylanase20,000 XU**Protease Thera-blend™98,000 HUT**Alpha Galactosidase600 GaIU**Glucoamylase40 AGU**Lactase2,000 ALU**Lipase Thera-blend™916 FCCFIP**Maltase200 DP**Cellulase Thera-blend™400 CU**Invertase150 SU**Pectinase (w/Phytase)50 Endo-PGU**Hemicellulase50 HCU****Daily Value not established",성분 추출 실패
"Solgar, Reduced L-Glutathione, 250 mg, 60 Vegetable Capsules",L-Glutathione,,Supplement FactsServing Size: 1 Vegetable Capsule Amount Per Serving% Daily ValueL-Glutathione(reduced)(Free Form)250 mg****Daily Value not established.,성분 추출 실패
"Emerald Laboratories, Thyroid Health, 60 Vegetable Caps",Herbal Formulas,Thyroid Formulas,"Supplement FactsServing Size: 2 CapsulesServings Per Container: 30 Amount Per Serving% Daily Value*Selenium (SelenoExcell®)(non-pathogenic, non-GMO Saccharomyces cerevisiae yeast)200 mcg363%Iodine (Atlantic Kelp)150 mcg100%Thyroid Glandular Powder (Bovine-sourced, thyroxine-free, freeze-dried)350 mg†Sensoril® Ashwagandha Extract (8% Withanolides)125 mg†Tyrosine500 mg†Rosemary Extract (6% Carnosic Acid)100 mg†Raw Whole-Food Proprietary BlendOrganic Raw Whole Food Sprout Powders (Organic Quinoa, Organic Mung Bean, Organic Millet), Raw Probiotic Blend (400 million CFU's Acidophilus/B. Bifidum), Raw Plant Enzyme Blend (Lipase, Lactase, Invertase, Protease, Hemicellulase, Cellulase, Alpha-Galactosidase, Amylase, Bromelain, Papain, Acid-Stable Protease, Maltase), Fructo-Oligosaccharides, Whole Food Pomegranate Juice Powder, Organic Raw Whole Food Freeze-Dried Acai Powder, Whole Food Mangosteen Hull Powder, Organic Whole Food Noni Fruit Powder.100 mg†* Percent Daily Value based on a 2000 calorie diet.† Percentage Daily Value not established.",성분 추출 실패
"Frontier Co-Op, Slippery Elm Inner Bark, 16 oz (453 g)",Herbal Tea,Slippery Elm,"Supplement FactsServing Size: 1 tsp. (1.3 g)Servings Per Container: about 349Amount per Serving%Daily ValueTotal Carbohydrate<1 g<1%*Dietary Fiber<1 g2%Slippery Elm, powder (inner bark)1.3 g*** Percent Daily Values are based on a 2,000 calorie diet.** Daily Value not established.",성분 추출 실패
"Ecological Formulas, Allithiamine (Vitamin B1), 50 mg, 250 Capsules ",B1,,Supplement FactsServing Size: 1 CapsuleServings Per Container: 250 Amount Per Serving%Daily ValueThiamine (TTFD)(as thiamin tetrahydrofurfuryl disulfide)50 mg**** Daily Value Not Established,성분 추출 실패
"BPI Sports, CLA + Carnitine, Snow Cone, 12.34 oz (350 g)",CLA (Conjugated Linoleic Acid),L-Carnitine,"Supplement FactsServing Size: 1 Scoop (7 grams)Serving Per Container: 50 Amount Per Serving% Daily ValueCalories10 Calories from Fat10 Total Fat1 g2%†Vitamin D3 (as cholecalciferol)250 mcg (10,000 IU)1,250%Omega 6 Fatty Acids & CLA Matrix (Proprietary)Coconut oil powder (fruit), avocado oil powder (fruit), safflower oil powder (seed) [providing CLA (conjugated linoleic acid)]2.5 g**Carnitine Matrix (Proprietary blend)Carnitine betaine anhydrous, L-Carnitine Tartrate, Glycerin Propionyl L-Carnitine HCI2 g**†Percent Daily Values are based on a 2,000 calorie diet.**Daily Value not established.",성분 추출 실패
"Nature's Way, L-Theanine, 60 Veg Capsules",L-Theanine,,Supplement FactsServing Size: 2 capsulesServings Per Container: 30 Amount per capsule% Daily ValueL-Theanine (Suntheanine® )200 mg****Daily Value (DV) not established.,성분 추출 실패
"Culturelle, Probiotics, Digestive Daily Probiotic, 10 Billion CFUs, 50 Once Daily Vegetarian Capsules",Lactobacillus,,"Supplement FactsServing Size: One (1) Capsule Amount Per Serving% Daily ValueCalories0 Total Carbohydrate0 g0%+Total Sugars0 g**Incl. 0 g Added Sugars 0%+Lactobacillus rhamnosus GG40 mg (10 billion CFUs)**Inulin (Chicory Root Extract)200 mg**+Percent Daily Values are based on a 2,000 calorie diet.**Daily Value not established.",성분 추출 실패
"Nature's Secret, 7-Day Ultimate Cleanse, 2-Part Total-Body Cleanse, 2 Bottles, 36 Tablets Each",Detox & Cleanse Formulas,Herbal Formulas,"Part 1: Multi-Herb Digestion & Detox SupportSupplement FactsServing Size: 1 TabletServings Per Container: 36Amount Per Serving% Daily ValueTotal Carbohydrates1 g <1%**Calcium (as Calcium Carbonate)60 mg5%Iodine (as Kelp from Proprietary Blend)13 mcg9%Proprietary BlendAlfalfa powder (leaf), Fenugreek powder (seed), Dandelion(Taraxacum officinale) powder (root), Fennel powder (seed), Yarrow(Achillea millefolium) powder (flower), Eleuthero extract (0.8%eleutherosides) (root), Green Tea extract (50% polyphenols, 6%caffeine) (leaf), Hawthorn (Crataegus monogyna) powder (fruit),Horsetail (Equisetum arvense) powder (aerial), Licorice (Glycyrrhizaglabra) powder (root, rhizome), Marshmallow powder (root),Peppermint powder (leaf), Red Clover powder (flower tops), RedRaspberry (Rubus idaeus) powder (leaf), Safflower Oil powder(flower), Skullcap powder (herb), Burdock (Arctium lappa) powder(root), Chickweed powder (aerial), Mullein (Verbascum thapsus)powder (leaf), Papaya powder (leaf), Black Cohosh powder (rootand rhizome), Clubmoss powder (herb), Ginger powder (rhizome),Ginkgo extract (4:1)(leaf), Irish Moss (Chondrus crispus) powder(whole plant), Kelp (Laminaria spp.) powder, Plantain powder (leaf),Slippery Elm powder (bark), Yellow Dock powder (root), Milk Thistleextract (80% silymarin) (seed), Cayenne powder (fruit), Echinaceaangustifolia powder (root)640 mg†**%Daily Value based on a 2,000 calorie diet.† Daily Value not established.",성분 추출 실패
"Zhou Nutrition, Energy + Focus, 60 Veggie Capsules",Cognitive & Memory Formulas,Energy Formulas,Supplement FactsServing Size: 1 Vegetable CapsuleServings Per Container: 60Amount Per Serving% Daily ValueL-Theanine200 mg**L-Leucine10 mg**Natural Caffeine (Anhydrous) (extracted from 95% Coffee arabica and 5% Coffea canephora)100 mg****Daily Value (DV) not established.,성분 추출 실패
"Dr. Mercola, Organic Fermented Turmeric, 180 Capsules",Turmeric & Curcumin,,"Supplement FactsServing Size: 1 CapsulesServing Per Container: 180 Amount Per Capsule%DVAmount Per (2 Capsules) %DVOrganic Fermented Turmeric(Curcuma longa) Rhizome Powder370 mg*740 mg*Organic Turmeric(Curcuma longa) Rhizome Extract80 mg*160 mg*Curcuminoids76 mg*152 mg**Percent Daily Values (DV) are based on a 2,000 calorie diet.",성분 추출 실패
"Eclectic Institute, Freeze Dried Fresh, Turmeric, 395 mg, 90 Veg Caps",Turmeric & Curcumin,,Supplement FactsServing Size: 1 capsule Amount Per Serving%DVOrganic Freeze-dried Turmeric rhizome (Curcuma longa)395 mg††Daily Value not established.,성분 추출 실패
"Solgar, Selenium, Yeast-Free, 100 mcg, 100 Tablets",Selenium,,Supplement FactsServing Size: 1 Tablet Amount Per Serving% DVSelenium (as L-selenomethionine)100 mcg182%DV = Daily Value.,성분 추출 실패
"Reviva Labs, High Potency Vitamin C Serum, 1 fl oz (29.5 ml)",Brightening,Vitamin C Serums,,공란 또는 타입 오류
"Kyolic, Aged Garlic Extract, Reserve, 60 Capsules",Garlic,,Supplement FactsServing Size: 2 capsulesServings Per Container: 30Amount per serving%Daily ValueAged Garlic Extract™†† Powder (bulb)1200 mg****Daily Value not established††Special Garlic Preparation,성분 추출 실패
"Vital Proteins, Matcha Collagen, Original Matcha, 12 oz (341 g)",Collagen Supplements,,"Supplement FactsServing Size: 1 Scoop (14 g)Servings Per Container: About 24 Amount Per Serving%Daily ValueCalories50 Total Carbohydrate3 g1%*Total Sugars2 g**Protein9 g0%* Sodium60 mg3%Collagen peptides (from bovine)10 g**Caffeine50 mg**L-Theanine20 mg**Percent Daily Values (DV) are based on a 2,000 calorie diet.*Daily Value not established",성분 추출 실패
"Vital Proteins, Collagen Peptides, Dark Chocolate Blackberry, 10.8 oz (305 g)",Collagen Supplements,,"Supplement FactsServing Size: 1 Scoop (30 g)Servings Per Container: About 10 Amount Per Serving%Daily ValueCalories110 Total Carbohydrate8 g3%*Total Sugars5 g**Protein18 g0%* Magnesium20 mg5%Sodium110 mg5%Potassium300 mg6%Collagen peptides (from bovine)20 g***Percent Daily Values are based on a 2,000 calorie diet.**Daily Value not established.",성분 추출 실패
"Nordic Naturals, Arctic Cod Liver Oil, Strawberry, 8 fl oz (237 ml)",Cod Liver Oil,,"Supplement FactsServing Size: 1 Teaspoon (5 ml)Serving Per Container: 48 Amount Per Serving%Daily Value¹♦%Daily Value²**Calories40  Total Fat4.5 g12%6%Saturated Fat0.5 g5%2.5%Trans Fat0 g††Cholesterol20 mg7%7%Vitamin A40 mcg RAE13%4%Total Omega-3s1060 mg††EPA (Eicosapentaenoic Acid)340 mg††DHA (Docosahexaenoic Acid)510 mg††Other Omega-3s210 mg††♦Percent Daily Values are based on 1 ,000 calorie diet.**Percent Daily Values are based on a 2,000 calorie diet.†Daily Value not established.¹ Daily Value (DV) for children 1-3 years of age,² Daily Value (DV) for adults and children over 4 years of age.Contains less than 2 percent of the Daily Value of vitamin D.",성분 추출 실패
"Mason Natural, Calcium Magnesium & Zinc, 100 Tablets",Calcium,Zinc,Supplement FactsServing Size 1 Tablet Amount per serving% Daily ValueCalcium (as calcium carbonate)334 mg26%Magnesium (as magnesium oxide)134 mg32%Zinc (as zinc sulfate)5 mg45%,성분 추출 실패
"Natural Factors, Zinc Citrate, 50 mg, 90 Tablets",Zinc,Common Cold & Flu,Supplement FactsServing Size: 1 Tablet Amount Per Serving% Daily ValueZinc (citrate)50 mg455%,성분 추출 실패
"Pure Indian Foods, Organic Ginger Root, Coarse Granules, 2 oz (56 g)",Ginger Spices,,,공란 또는 타입 오류
"Dr. Axe / Ancient Nutrition, Lion's Mane, Mental Clarity And Concentration, 30 Tablets",Lions Mane,Cognitive & Memory Formulas,"Supplement FactsServing Size: 1 TabletServings Per Container: 30 Amount Per Serving%Daily ValueOrganic Mushroom and Botanical BlendOrganic Lion´s Mane (Hericium erinaceus) Mushroom Extract, Organic Ashwagandha Root and Leaf Extract1 g ++Daily Value (DV) not established.",성분 추출 실패
"NaturesPlus, Hema-Plex Liquid, Mixed Berry, 8.5 fl oz (250 ml)",Iron,Blood Support Formulas,"Supplement FactsServing Size: 2 tsp (10 ml) Adults; 1 tsp (5 ml) (Children)Servings Per Container: 25 (Adult); 50 (Children)Amount Per ServingAdults & Children ≥ 4 Years% Daily Value**Pregnant & Lactating Women%Daily Value***Children 1-3 Years% Daily Value§Calories5 50 Total Carbohydrate1 g<1%**1 g<1%***<1 g0%§Sugar Alcohol (glycerin)1 g†1 g†<1 g†Vitamin C (as ascorbic acid & calcium ascorbate)60 mg67%60 mg50%30 mg200%Thiamin (vitamin B1) (as thiamine hydrochloride)0.6 mg50%0.6 mg43%0.3 mg60%Riboflavin (vitamin B2)0.6 mg46%0.6 mg38%0.3 mg60%Niacin (as niacinamide)4 mg NE25%4 mg NE22%2 mg NE33%Vitamin B6 (as pyridoxine HCI)0.7 mg41%0.7 mg35%0.3 mg60%Folate (as calcium-L-5-methyltetrahydrofolate)167 mcg DFE (100 mcg L-methylfolate)42%167 mcg DFE (100 mcg L-methylfolate)28%83 mcg (100 mcg L-methylfolate)55%Vitamin B12 (as methylcobalamin)250 mcg10,417%250 mcg8929%125 mcg13,889%Pantothenic Acid (as calcium pantothenate)2 mg40%2 mg29%1 mg50%Iron (as ferrous bisglycinate chelate) (Ferrochel™)18 mg100%18 mg67%9 mg129%L-Cysteine (free form amino acid)30 mg†30 mg†15 mg†Non-GMO Cranberry Fruit Extract15 mg†15 mg†7.5 mg†**Percent Daily Values are based on a 2,000 calorie diet.***Percent Daily Values for pregnant women and lactating women.§Percent Daily Values are based on a 1,000 calorie diet.†Daily Value not established.",성분 추출 실패
"Bluebonnet Nutrition, Vitamin B6, 200 mg, 90 Vegetable Capsules",B6 Pyridoxine,,"Supplement FactsServing Size: 1 Capsule Amount Per Serving%Daily ValueVitamin B6 (as pyridoxine HCI)200 mg11,765Daily Value based on a 2,000 calorie diet.",성분 추출 실패
"Quantum Health, TheraZinc, Immune Support Throat Spray, Peppermint, 4 fl oz (118 ml)",Zinc,Immune Support,Supplement FactsServing Size: 8 Sprays (1.4 ml)Servings Per Container: 82 Amount Per Serving% Daily ValueZinc (from Zinc Gluconate)7.4 mg67%,성분 추출 실패
"Uncle Lee's Tea, Body Slim Dieter Tea, Lemon, Caffeine Free, 30 Tea Bags, 2.12 oz (60 g)",Medicinal Teas,Herbal Tea,"Supplement FactsServing Size: 1 cup (1 tea bag)(8 fl oz)Serving Per Container: 30 Amount Per Serving% Daily Value*Calories0 Calories from fat0 Total Fat0 g0%Saturated Fat0 g0%Sodium0 g0%Total Carbohydrate<1 g0%Protein0 g Not a significant source of cholesterol, dietary fiber, sugars, vitamin A, vitamin C, calcium and iron.*Percent Daily Values are based on a 2,000 calorie diet.",성분 추출 실패
"California Gold Nutrition, CollagenUP, Hydrolyzed Marine Collagen Peptides with Hyaluronic Acid and Vitamin C, Unflavored, 16.37 oz (464 g)",Collagen Supplements,,"Supplement FactsServing Size: 1 scoop (5 grams♦)Servings Per Container: About 93Amount Per Serving%Daily ValueCalories20Protein4 g<1%**Vitamin C (as Calcium Ascorbate)90 mg100%Sodium20 mg1%Hydrolyzed Marine Collagen Peptides5 g†Hyaluronic Acid (as Sodium Hyaluronate)60 mg†** Percent Daily Values are based on a 2,000 calorie diet.†Daily Value not established",성분 추출 실패
"NB Pure, Para end, Cleanse, 90 Capsules",Intestinal Formulas,Detox & Cleanse Formulas,"Supplement FactsServing Size: 6 capsulesServing Per Container: 15 Amount Per Serving%Daily ValueProprietary Blend:Diatomaceous Earth, Black Walnut Hull, Wormwood, Clove Powder, Oil of Oregano Powder, Olive Leaf Extract, Garlic Powder (odorless), Grapefruit Seed Extract 4:1, Goldenseal Root Extract, Ginger Root Extract & Turmeric PE 4:14100 mg††Daily Value not established",성분 추출 실패
"Amazing Nutrition, L-Citrulline, 1,000 mg, 120 Tablets",L-Citrulline,,"Supplement FactsServing Size: 2 TabletsServings Per Container: 60 Amount Per Serving%Daily ValueL-Citrulline2,000 mg****Daily Value not established",성분 추출 실패
"Earthrise, Spirulina Gold Plus, 500 mg, 180 Tablets",Spirulina,,"Supplement FactsServing Size: 6 TabletsServings Per Container: 30 Amount Per Serving%DV*Calories15 Total Fat0 g0%Total Carb< 1 g< 2%Protein2 g4%Vitamin A (100% as beta-carotene)2725 mcg RAE303%Vitamin C (Acerola)62 mg69%Vitamin K126 mcg22%Iron1.5 mg8%Magnesium10 mg2%Zinc4 mg36%Manganese0.1 mg4%Sodium20 mg< 2%Potassium50 mg< 2%Phycocyanin(c and allo)300 mg**Chlorophyll30 mg**GLAa30 mg**Total Carotenoids12 mg**Zeaxanthin3.5 mg**Spirulina (Arthrospira platensis)3000 mg**Acerola Berry Extract (Malpighia glabra)204 mg*** Percent Daily Values are based on a 2,000 calorie diet.** Daily Value not established.a Gamma Linolenic Acid, essential fatty acid.",성분 추출 실패
"Dr. Axe / Ancient Nutrition, Keto Collagen, 1.19 lb (540 g)",Collagen Supplements,,"Supplement FactsServing Size: 1 Scoop (18 g)Servings Per Container:  About 30 Amount Per Serving% Daily ValueCalories70 Total Fat3 g4%*Saturated Fat3 g14%*Protein13 g KetoCollagen BlendHydrolyzed Bovine Hide Collagen Peptides, Medium Chain Triglycerides (coconut).18 g†*Percent Daily Values are based on a 2,000 calorie diet.†Daily Value not established.",성분 추출 실패
"Life Extension, Mega EPA/DHA, 120 Softgels",Omega-3 Fish Oil,,Supplement FactsServing Size: 2 SoftgelsServings Per Container: 60 Amount Per Serving% Daily ValueCalories20 Total Fat2 g3%†Fish Oil ConcentrateYielding: EPA (eicosapentaenoic acid)DHA (docosahexaenoic acid)2000 mg720 mg480 mg********Daily Value not established.†%Daily Value is based on a 2000 calorie diet.,성분 추출 실패
"Garden of Life, MyKind Organics, Fermented Organic Turmeric Boost, Inflammatory Response, 4.76 oz (135 g)",Turmeric & Curcumin,,"Supplement FactsServing Size: 1 teaspoon (4.5 g)Serving Per Container: Approximately 30 Amount Per Serving% Daily ValueCalories15 Total Carbohydrate4 g1%¹Dietary Fiber1 g4%¹Vitamin C**50 mg56%Organic Boost Blend2.4 g+Organic Florida Orange Juice Powder, Organic Turmeric Blend [Organic Fermented Turmeric Root, Organic Turmeric Root Extract (standardized to 95% Curcuminoids, 50 mg)], Organic Lemon Juice Powder, Organic Rooibos Tea Extract (leaf), Organic Pomegranate Extract [standardized to 50% polyphenols] (peel), Organic Fermented Ginger (root), Organic Black Pepper (fruit) Extract  Probiotic Blend 1 Billion CFU*4 mg+Bifidobacterium lactis Bl-04Lactobacillus acidophilus La-14  ¹ Percent Daily Values are based on a 2,000 calorie diet.† Daily Value not established.*At time of manufacture.**From Organic Emblic (Amla, Phyllanthus emblica)(fruit) Extract",성분 추출 실패
"Zhou Nutrition, D3 + K2, 60 Veggie Capsules",D3 (Cholecalciferol),Vitamin K,Supplement FactsServing Size: 1 CapsuleServings Per Container: 60 Amount Per Serving%Daily ValueVitamin D3 (as Cholecalciferol)125 mcg625%Menaquinone (MK-7)90 mcg****Daily Value (DV) not established.,성분 추출 실패
"Vibrant Health, Krebs Zinc, 60 Vegetable Capsules",Zinc,Common Cold & Flu,"Supplement FactsServing Size: 1 CapsuleServings Per Container: 60 Amount Per Serving% Daily ValueZinc30 mg273%Kreb Cycle 30% Zinc ComplexZinc Alpha-Ketoglutarate (22 mg), Zinc Succinate (20 mg), Zinc Fumarate (18.5 mg), Zinc Malate (20.5 mg), Zinc Citrate (19 mg)100 mg**Daily Values not established.",성분 추출 실패
"NOW Foods, Ulcetrol, 60 Tablets",Intestinal Formulas,Zinc Carnosine GI Gastro Formulas,Supplement FactsServing Size: 1 Tablet Amount Per Serving%Daily ValueCalcium (from Calcium Carbonate)70 mg5%Zinc (from PepZin GI®)8 mg73%PepZin GI (Zinc-L-Carnosine Complex)37.5 mg†Mastic Gum Powder (Pistacia lentiscus) (Sap)100 mg†Slippery Elm (Ulmus rubra) (Bark)100 mg†† Daily Value not established.,성분 추출 실패
"Country Life, Pycnogenol, 100 mg, 30 Vegan Capsules",Pycnogenol,,Supplement FactsServing Size: 1 capsule Amount Per Serving% Daily ValuePycnogenol® (Pinus maritima) (100% pine bark extract)(65-75% procyanidins)100 mg**Daily Value not established.,성분 추출 실패
"Superior Source, Activated B-12 Methylcobalamin, B-6 (P-5-P) & Methylfolate, 60 Microlingual Instant Dissolve Tablets",B12,,"Supplement FactsServing Size: 1 MicroLingual TabletServings Per Container: 60 Amount Per Serving%Daily ValueVitamin B6 (as pyridoxal-5'-phospate)2 mg117.7%Folate (as L-5 methyltetrahydrofolate) (1,200 mcg L-5 methyltetrahydrofolate)2,000 mcg500%Vitamin B12 (as methylcobalamin)2,000 mcg83,333%Stevia Leaf Extract2 mg††Daily Value not established",성분 추출 실패
"Nature's Answer, Nettle Extract, Alcohol-Free, 2,000 mg, 1 fl oz (30 ml)",Nettle,,"Supplement FactsServing Size: 2 mL (approx. 87 drops)Servings Per Container: 15 Amount Per Serving% Daily ValueCalories5Total Carbohydrates1 g<1%*Nettle (Urtica dioica) Leaf Extract400 mg†*Percent Daily Value based on a 2,000 Calorie Diet.†Daily Value not established.",성분 추출 실패
"California Gold Nutrition, Antarctic Krill Oil, Omega-3 Phospholipids Complex with Astaxanthin, Natural Strawberry and Lemon Flavor, 1,000 mg, 120 Softgels",Krill Oil,,"Supplement FactsServing Size: 1 SoftgelServings Per Container:  120 Amount Per Serving%Daily ValueCalories10 Total Fat1 g1%*Cholesterol10 mg3%Krill Oil Concentrate1000 mg†Phospholipids400 mg †Omega-3 Fatty Acids240 mg†EPA (eicosapentaenoic acid)120 mg†DHA (docosahexaenoic acid)60 mg†Astaxanthin (from krill oil)300 mcg†*Percent Daily Values are based on a 2,000 calorie diet.†Daily Value not established.",성분 추출 실패
"Natrol, Biotin, 1,000 mcg, 100 Tablets",Biotin,,"Supplement FactsServing Size: 1 TabletServings Per Container: 100 Amount Per Serving%DVBiotin1,000 mcg3,333%Calcium (from Dibasic Calcium Phosphate)46 mg4%",성분 추출 실패
"Solgar, B-Complex ""100"", 250 Tablets",Vitamin B Complex,,"Supplement Facts Serving Size: 1 Tablet Amount Per Serving%DVThiamin (vitamin B1) (as thiamin mononitrate)100 mg8,333%Riboflavin (vitamin B2)100 mg7,692%Niacin (vitamin B3) (as niacinamide)100 mg625%Vitamin B6 (as pyridoxine HCl)100 mg5,882%Folate666 mcg DFE (400 mcg folic acid)167%Vitamin B12 (as cyanocobalamin)100 mcg4,167%Biotin (as D-biotin)100 mcg333%Pantothenic Acid (vitamin B5) (as D-Ca pantothenate)100 mg2,000%Choline (as choline bitartrate)41 mg7%Inositol100 mg**Herbal Powdered Blend(kelp [plant], acerola extract complex [fruit], alfalfa [leaf and stem], parsley [leaf], rose hips [fruit], watercress [herb])2.5 mg****Daily Value (DV) not established.",성분 추출 실패
"Dr. Axe / Ancient Nutrition, Collagen Peptides, Unflavored, 19.8 oz (560 g)",Collagen Supplements,,"Supplement FactsServing Size: 2 scoops (20 g)Servings Per Container: 28 Amount Per Serving%Daily ValueCalories 70 Protein18 g  Collagen ComplexHydrolyzed Bovine Hide Collagen Peptides, Fermented Eggshell Membrane Collagen20 g ++Daily Value not established.",성분 추출 실패
"Life Extension, Vitamin B12 Methylcobalamin, 1 mg, 60 Vegetarian Lozenges",B12,,"Supplement FactsServing Size: 1 Vegetarian Lozenge Amount Per Serving% Daily Value Vitamin B12 (as methylcobalamin)1 mg41,667%",성분 추출 실패
"Nature's Answer, Eleuthero Root Extract, Alcohol-Free, 2,000 mg, 2 fl oz (60 ml)",Eleuthero,Ginseng,Supplement FactsServing Size: 2 ml (approx. 56 drops)Servings per Container: 30 Amount Per Serving% Daily ValueEleuthero (Eleutherococcus senticosus) Root Extract160 mg†† Daily Value not established.,성분 추출 실패
"California Gold Nutrition, Organic Spirulina, 500 mg, 240 Tablets",Spirulina,,"Supplement FactsServing Size: 3 TabletsServings Per Container: 80 Amount Per Serving%Daily ValueCalories5 Protein<1 g<1%*Iron0.7 mg4%Sodium15 mg1%Organic Spirulina (Arthrospira platensis)1.5 g†Phycocyanin180 mg†Chlorophyll15 mg†Total Carotenoids5 mg†* Percent Daily Values are based on a 2,000 calorie diet.† Daily Value not established.",성분 추출 실패
"Jarrow Formulas, Methyl B-12, Lemon, 1,000 mcg, 100 Chewable Lozenges",B12,,"Supplement FactsServing Size: 1 LozengeServing Per Container: 100 Amount Per Serving% DVVitamin B12 (as Methylcobalamin)1,000 mcg41,670%",성분 추출 실패
"Nutricology, Free Aminos, 100 Vegicaps",Amino Acid Blends,,"Supplement FactsServing Size: 2 CapsulesServings per Container: 50 Amount Per Serving% Daily ValueL-5-Hydroxytryptophan20 mg†Proprietary BlendL-Alanine, L-Arginine, L-Cysteine HCl, L-Cystine, L-Glutamine, Glycine, L-Histidine HCl, L-Isoleucine, L-Leucine, L-Lysine HCl, L-Methionine, L-Phenylalanine, L-Serine, Taurine, L-Theronine, L-Tyrosine, L-Valine1.363 g††Daily Value not established.",성분 추출 실패
"Olympian Labs, Zinc, 30 mg, 100 Capsules",Zinc,Common Cold & Flu,Supplement FactsServing Size: One (1) CapsuleServings Per Container: 100 Amount Per Serving% Daily ValueZinc (as Zinc Sulfate)30 mg273%†Daily Value (DV) not established,성분 추출 실패
"NOW Foods, Ultra B-12, 5,000 mcg, 16 fl oz (473 ml)",Vitamin B Complex,,"Supplement FactsServing Size: 1 Teaspoon (5 mL)Servings Per Container: about 95 Amount Per Serving%Daily ValueCalories10 Total Carbohydrate3 g1%**Thiamin (Vitamin B-1) (from Thiamin HCI)3 mg250%Riboflavin (Vitamin B-2)3.4 mg262%Niacin (Vitamin B-3) (as Niacinamide)50 mg313%Vitamin B-6 (from Pyridoxine HCI)10 mg588%Folate (as Folic Acid)1,333 mcg DFE (800 mcg folic acid)333%Vitamin B-12 [as Cyanocobalamin, Methylcobalamin (Co-enzyme Form) and Dibencozide (Co-enzyme Form)]5 mg (5,000 mcg)208,333%Biotin300 mcg1000%Pantothenic Acid (Vitamin B-5) (from Calcium Pantothenate)50 mg1000%**Percent Daily Values are based on a 2,000 calorie diet.",성분 추출 실패
"Frontier Co-Op, Organic Ground Turmeric Root, 16 oz (453 g)",Turmeric Spices,,,공란 또는 타입 오류
"NOW Foods, Sports, L-Citrulline, 1,200 mg, 120 Tablets",L-Citrulline,,"Supplement FactsServing Size: 1 Tablet Amount Per Serving%Daily ValueL-Citrulline1.2 g (1,200 mg)***Daily Value not established.",성분 추출 실패
"NOW Foods, Iron, 18 mg, 120 Veg Capsules",Iron,,Supplement FactsServing Size: 1 Veg Capsule Amount Per Serving%Daily ValueIron (elemental) (from Ferrous Bisglycinate)(Ferrochel™)18 mg100%,성분 추출 실패
"Jarrow Formulas, Curcumin Phytosome, 500 mg, 60 Veggie Caps",Turmeric & Curcumin,,Supplement FactsServing Size: 1 Capsule Amount Per Serving:% DVCurcumin PhytosomePhosphatidylcholine Complex (from Curcuma longa Rhizome) (18% [90 mg] Curcuminoids)500 mg†† Daily Value (DV) not established.,성분 추출 실패
"Rainbow Light, Complete B-Complex, High Potency Formula, 90 Tablets",Vitamin B Complex,,"Supplement FactsServing Size: 3 TabletsServings Per Container: 30 Amount Per Serving%Daily ValueVitamin C (as magnesium ascorbate)500 mg556%Thiamin (as thiamin mononitrate)60 mg5000%Riboflavin (vitamin B2)70 mg5385%Niacin (as niacinamide)100 mg625%Vitamin B6 (as pyridoxine hydrochloride)80 mg4706%Folate (as folic acid)1333 mcg DFE (800 mcg folic acid)333%Vitamin B12 (as cyanocobalamin)250 mcg10417%Biotin300 mcg1000%Pantothenic Acid (as calcium pantothenate)120 mg2400%Choline (as choline bitartrate)150 mg27%Calcium (as calcium citrate)50 mg4%Magnesium (as magnesium ascorbate)60 mg14%Zinc (as zinc chelate)5 mg45%Manganese (as manganese chelate)3 mg130%Absorption Enhancing Superfoods340 mg† Bee pollen, organic spirulina, barley (grass)  Amino Acids300 mg† L-glutamine, L-cysteine, L-methionine, L-theanine  Herbal Vitality Blend 4:1 Extracts162 mg† American ginseng (root) extract, ashwagandha (root) extract, California poppy (herb) extract, gentian (root) extract, gotu kola (herb) extract, orange (fruit) essential oil  Citrus (fruit) bioflavonoid extract75 mg† Inositol50 mg† †Daily Value (DV) not established.",성분 추출 실패
"Nutricology, Magnesium Citrate, 90 Vegetarian Capsules",Magnesium,,"Supplement FactsServing Size: 1 CapsuleServing Per Container: 90 Amount Per Serving% Daily Value*Magnesium (as Magnesium Citrate)170 mg40%* Percent Daily Value are based on a 2,000 calorie diet.",성분 추출 실패
"InstaNatural, Vitamin C Peel Off Beauty Mask, 2 fl oz (60 ml)",Face Peels,"Vitamin C, Beauty",,공란 또는 타입 오류
"Thorne Research, Super EPA Pro, 120 Gelcaps",Omega-3 Fish Oil,,"Supplement FactsServing Size: Two GelcapsServing Per Container: 60Two Gelcaps Contain:Amount Per Serving%DVCalories20 Total Fat2 g3%*EPA (Eicosapentaenoic Acid Ethyl Ester) (from Fish Oil†)1,300 mg**DHA (Docosahexaenoic Acid Ethyl Ester) (from Fish Oil†)320 mg***Percent Daily Values are based on a 2,000 calorie diet.**Daily Value (DV) not established.†This product uses Supercritical CO2 extracted and chromatographed fish oil derived solely from anchovies.",성분 추출 실패
"Nature's Bounty, Gentle Iron, 28 mg, 90 Capsules",Iron,,Supplement FactsServing Size: 1 Capsule Amount Per Serving:% Daily ValueVitamin C (as Ascorbic Acid)60 mg67%Folate667 mcg DFE (400 mcg folic acid)167%Vitamin B-12 (as Cyanocobalamin)8 mcg333%Iron (as Ferrous Bis-Glycinate)28 mg156%,성분 추출 실패
"California Gold Nutrition, Immune 4, Immune System Support, 180 Veggie Capsules",Ascorbic Acid,Selenium,"Supplement FactsServing Size: 1 CapsuleServings Per Container: 180 Amount Per Serving%Daily ValueVitamin C (as Ascorbic Acid)500 mg556%Vitamin D (as D3, Cholecalciferol) (from Lanolin)25 mcg (1,000 IU)125%Zinc (as Zinc Picolinate)10 mg91%Selenium (as L-Selenomethionine)50 mcg91%",성분 추출 실패
"HealthForce Superfoods, CircuForce, 90 Vegan Caps",Cognitive & Memory Formulas,,Supplement FactsServing Size: 1 VeganCap™ (500 mg)Servings Per Container: 90 Amount Per Serving%DVGinkgo Biloba Leaf Extract∞250 mg†Eleuthero Root Extract∞125 mg†Gotu Kola Whole Herb Extract∞125 mg††Daily Value not established.∞TruGanic™,성분 추출 실패
"Celestial Seasonings, Herbal Tea, Peppermint, Caffeine Free, 20 Tea Bags, 1.1 oz (32 g)",Peppermint Tea,Herbal Tea,,공란 또는 타입 오류
"NOW Foods, Krill Oil, 500 mg, 120 Softgels",Krill Oil,,"Supplement FactsServing Size: 2 SoftgelsServings Per Container: 60 Amount Per Serving% Daily ValueCalories10 Total Fat1 g1%**Krill Oil (NKO®)1 g (1,000 mg)†Omega-3 Fatty Acids250 mg†Eicosapentaenoic Acid (EPA)135 mg†Docosahexaenoic Acid (DHA)60 mg†Phospholipids450 mcg†Esterified Astaxanthin360 mcg†** Percent Daily Values are based on a 2,000 calorie diet.† Daily Value not established.",성분 추출 실패
"Solgar, Folate, 666 mcg DFE, 100 Tablets",Vitamin B,,Supplement FactsServing Size: 1 Tablet Amount Per Serving%DVFolate (400 mcg L-methylfolate)(as L-methylfolate as Metafolin®)666 mcg DFE167%DV = Daily ValueProvides a dietary insignificant amount of sugar alcohol,성분 추출 실패
"Lake Avenue Nutrition, CoQ10, USP Grade Ubiquinone, 100 mg, 120 Veggie Capsules",Coenzyme Q10 (CoQ10),,Supplement FactsServing Size: 1 CapsuleServings Per Container: 120 Amount Per Serving%Daily ValueCoenzyme Q10 (Ubiquinone USP)100 mg††Daily Value not established.,성분 추출 실패
"M3 Naturals, Professional Facial, 1 fl oz (30 ml)",Vitamin C Serums,"Vitamin C, Beauty",,공란 또는 타입 오류
"Celestial Seasonings, Herbal Tea, Sleepytime, Caffeine Free, 20 Tea Bags, 1.0 oz (29 g)",Herbal Tea,Medicinal Teas,,공란 또는 타입 오류
"California Gold Nutrition, Boswellia Extract, Plus Turmeric Extract, 250 mg, 120 Veggie Capsules",Boswellia,,Supplement FactsServing Size: 2 Veggie CapsulesServing Per Container: 60 Amount  Per Serving%Daily ValueBoswellin® Gum Resin Extract(Boswellia serrata) (Standardized to 70% Total Boswellic Acids)500 mg†Turmeric Root Extract(Curcuma longa)(Standardized to 95% Curcuminoids)200 mg†Turmeric Root Powder(Curcuma longa)200 mg†† Daily Value not established.,성분 추출 실패
"Life Extension, GeroProtect, Autophagy Renew, 30 Vegetarian Capsules",Herbal Formulas,,Supplement FactsServing Size: 1 Vegetarian Capsule Amount Per Serving% Daily ValueLuteolin [from Japanese sophora (flower buds)]165 mg **Piperlongumine[from long pepper (root)]10 mg ****Daily Value not established. ,성분 추출 실패
"Christopher's Original Formulas, Hawthorn Berry Heart Syrup, 16 fl oz (472 ml)",Hawthorn,,"

Supplement Facts


Serving Size: 1/2 Teaspoon


Servings Per Container: 192


 
Amount Per Serving
% Daily Value


Proprietary Blend: Fresh Wildcrafted Hawthorn Berries
1/2 Teaspoon
*


*Daily Value not established.

",성분 추출 실패
"Sports Research, Plant Based D3 + K2, 60 Veggie Softgels",Sports Supplements,Vitamin K,Supplement FactsServing Size: 1 Liquid Veggie SoftgelServings Per Container:  60 Amount Per Serving%Daily ValueVitamin D3 (as Cholecalciferol) (from Lichen) (VegaDELight™ )125 mcg (5000 IU)625%Vitamin K2 (as Menaquinone-7) (MK-7 from Chickpea) (MenaQ7®)100 mcg83%,성분 추출 실패
"Manitoba Harvest, Hemp Yeah! Protein Bar, Variety Pack, 8 Bars, 1.59 oz (45 g) Each",Plant Based Protein Bars,Nutritional Bars,"Supplement FactsDark Chocolate Almond Sea SaltServing Size: 1 bar (45 g)Servings Per Container: 4 Amount Per ServingDV*Calories220 Total Fat14 g18%Saturated Fat3.5 g18%Trans Fat0 g Polyunsaturated Fat7 g Monounsaturated Fat3.5 g Cholesterol0 mg0%Sodium160 mg7%Total Carbohydrate15 g5%Dietary Fiber3 g11%Total Sugars7 g Includes Added Sugars6 g12%Protein10 g16%Vitamin D0 mcg0%Calcium23 mg2%Iron3 mg15%Potassium225 mg4%Thiamin0.2 mg15%Niacin2 mg15%Vitamin B60.2 mg10%Folate37 mcg DFE10%Phosphorus285 mg25%Magnesium113 mg25%Zinc2 mg20%Manganese1.1 mg50%*The % Daily Value (DV) tells you how much a nutrient in a serving of food contributes to a daily diet. 2,000 calories a day is used for general nutrition advice.",성분 추출 실패
"St. Ives, Body Lotion, Renewing, Collagen & Elastin, 21 fl oz (621 ml)",Elastin,"Collagen, Beauty",,공란 또는 타입 오류
"Deva, Vegan Vitamin D, D3, 125 mcg (5,000 IU), 90 Tablets",Vitamin D,,Supplement FactsServing Size: 1 tabletServing Per Container: 90 Amount Per Serving%Daily ValueVitamin D3 (cholecalciferol)125 mcg625% ,성분 추출 실패
"Sports Research, Evening Primrose, 1,300 mg, 120 Softgels",Sports Fish Oil & Omegas,Evening Primrose Oil,"Supplement FactsServing Size:  1 Liquid SoftgelServings Per Container: 120 Amount Per Serving%Daily ValueCalories15 Total Fat1.5 g2%**Evening Primrose Seed Oil1,300 mg†Gamma-Linolenic Acid (GLA)120 mg†**Percent Daily Value are based on a 2,000 calorie diet.†Daily Value not established.",성분 추출 실패
"NaturesPlus, Herbal Actives, Rhodiola, Extended Release, 1,000 mg, 30 Vegetarian Tablets",Rhodiola,,"Supplement FactsServing Size: 1 Extended-Release TabletAmount Per Serving% Daily ValueRhodiola (Rhodiola rosea root extract)(Standardized 2.7% [270 mg] polyphenols, 3% [30 mg], rosavins, 1% [10 mg] salidroside) and naturally occurring beta-vicianosides, rosin, rosarin1000 mg†Active Whole Food ComplexStandardized extracts of green tea, grape seed, red wine grape, elderberry, broccoli, spinach, carrot and tomato; spirulina, chlorella100 mcg††Daily Value not established.",성분 추출 실패
"California Gold Nutrition, LactoBif 5 Probiotics, 5 Billion CFU, 10 Veggie Capsules",Intestinal Formulas,Lactobacillus,Supplement FactsServing Size: 1 CapsuleServings Per Container: 10 Amount Per Serving% Daily ValueProbiotic Bacteria Blend36 mg†5 Billion CFU composed of the following strains:  Lactobacillus acidophilus   Bifidobacterium lactis   Lactobacillus rhamnosus   Lactobacillus plantarum   Bifidobacterium longum   Bifidobacterium breve   Lactobacillus casei   Lactobacillus salivarius   † Daily Value not established.,성분 추출 실패
"Kaged, Re-Kaged, Post-Workout Protein, 1.83 lb (830 g)",Whey Protein,,"Supplement FactsServing Size: 1 Scoop (41.5 g)Servings Per Container: about 20 Amount Per Serving% Daily ValueCalories140 Total Fat1 g1%†Saturated Fat1 g5%†Total Carbohydrate2 g1%†Total Sugars1 g ‡Protein (as whey protein isolate)28 g56% †Calcium140 mg11%Sodium180 mg8%Potassium180 mg4%Pro G3 Recovery FuelL-Glutamine (fermented)3 g‡Dual-Acting Power & Strength MatrixBeta-Power® (betaine anhydrous)Patented Creatine HCl® (Creatine Hydrochloride)1.5 g1.5g‡‡Innovative EnzymeProHydrolase® (Digestive Enzyme Blend)280 mg‡†Percent Daily Values are based on a 2,000 calorie diet.†Daily Value not established.",성분 추출 실패
"Enzymedica, Telomere Plus, 30 Capsules",Astragalus,D3 (Cholecalciferol),Supplement FactsServing Size: 1 CapsuleServings Per Container: 30 Amount Per Serving%Daily ValueVitamin D3 (as Cholecalciferol)12.5 mcg (500 IU)63%Telomerin™ blendAstragalus (root)SGS™ Broccoli seed extractRhodiola extract (Rhodiola rosea P.E.) (root)495 mg****Daily Value (DV) not established,성분 추출 실패
"Bio Nutrition, Healthy Hair with Biotin 10,000 Plus, 60 Vegetarian Capsules",Biotin,,"Supplement FactsServing Size: One (1) vegetarian capsuleEach serving supplies Amount Per Serving% Daily ValueBiotin (Vitamin H)10 mg3,333%B-1 (Thiamine)5 mg333%B-2 (Riboflavin)1 mg58%B-6 (pyridoxine)2 mg154%B-12 (cobalmin)25 mcg417%Zinc (citrate)15 mg100%Silica50 mg****Daily Value not established% Daily value based on 2,000 calorie diet",성분 추출 실패
"Doctor's Best, Ubiquinol with Kaneka, 200 mg, 30 Softgels","Ubiquinol, CoQ10",,"Supplement FactsServing Size: 1 softgelServings Per Container: 30 Amount Per Serving% Daily ValueUbiquinol(Kaneka Ubiquinol®, reduced form of CoQ10)200 mg†† Daily Value not established.",성분 추출 실패
"Natural Factors, Acidophilus & Bifidus, 5 Billion, 90 Capsules",Acidophilus,Bifidus,Supplement FactsServing Size: 1 Capsule Amount Per ServingProprietary Synergistic Blend:Total Active Cell Count5 billion**Lactobacillus rhamnosus4 billion**Lactobacillus acidophilus0.5 billion**Bifidobacterium bifidum0.5 billion****Daily Value not established.,성분 추출 실패
"Gaia Herbs, Hawthorn Supreme, 120 Vegan Liquid Phyto-Caps",Hawthorn,,"Supplement FactsServing Size: 1 CapsuleServings Per Container: 120 Amount Per Serving%Daily ValueTotal Carbohydrate<1 g<1%*Proprietary Extract BlendOrganic Hawthorn berry, Organic Hawthorn leaf and flower500 mg†*Percent Daily Values are based on a 2,000 calorie diet.†Daily Value not established.",성분 추출 실패
"Natural Factors, BioCgel, Buffered Vitamin C with BerryRich, 500 mg, 90 Softgels",Vitamin C,,"Supplement FactsServing Size: 1 Softgel Amount Per Serving% Daily ValueVitamin C (calcium ascorbate)500 mg556%Calcium (ascorbate)60 mg5%BerryRich® berry blend concentrate ORAC 300(grape, pomegranate, strawberry, cranberry, blueberry, raspberry, and bilberry)50 mg**Citrus Bioflavonoids (Citrus sinensis) (fruit peel) (40% hesperidin)10 mg****Daily Value not established.",성분 추출 실패
"Equal Exchange, Organic Lemongrass Ginger Herbal Tea, Caffeine-Free, 20 Tea Bags, 1.05 oz (30 g)",Herbal Tea,,,공란 또는 타입 오류
"Numi Tea, Organic Herbal Teasan, Honeybush, Caffeine Free, 18 Tea Bags, 1.52 oz (43.2 g)",Herbal Tea,,,공란 또는 타입 오류
"Pure Planet, Organic Amla Plus, 500 mg, 100 Tablets",Amla,Spirulina,"Supplement FactsServing Size: 10 tablets (5000 mg)Servings Per Container: 10Amount Per Serving%Daily Value*Organic Amla Berry4000 mg†Organic Spirulina1000 mg†Vitamin C15 mg25%*The % Daily Value (DV) tells you how much a nutrient in a serving of food contributes to a daily diet. 2,000 calorie a day is used for general nutrition advice.†Daily value not established.",성분 추출 실패
"Kyolic, Aged Garlic Extract, Red Yeast Rice Plus CoQ10, 75 Capsules",Garlic,Red Yeast Rice,Supplement FactsServing Size: 3 CapsulesServing Per Container: 25 Amount per serving%Daily ValueOrganic Red Yeast Rice (Monascus purpureus)1200 mg*Aged Garlic Extract™† Powder (bulb)300 mg*Coenzyme Q1060 mg**Daily Value not established†Special Garlic Preparation,성분 추출 실패
"Azo, Complete Feminine Balance, Daily Probiotic, 5 Billion, 30 Once Daily Capsules",Lactobacillus,Candida & Yeast Formulas,"Supplement FactsServing Size: One (1) CapsuleServings Per Container: 30 Amount Per Serving%Daily ValueCalories0 Total Carbohydrate0 g0%**Total Sugars0 g†Incl. 0 g Added Sugars 0%**Intelliflora™ Blend:150 mg5 billion CFUs Lactobacillus crispatus LBV 88 †Lactobacillus rhamnosus LBV 96 †Lactobacillus gasseri LBV 150N †Lactobacillus jensenii LBV 116 †**Percent Daily Values based on a 2,000 calorie diet.†Daily Value not established.",성분 추출 실패
"310 Nutrition, Collagen, Types I & III Collagen Peptides, Pink Lemonade, 13.1 oz (372 g)",Collagen Supplements,,"Supplement FactsServing Size: 1 Scoop (12.4 g)Servings Per Container: 30 Amount Per Serving%Daily ValueCalories40 Total Carbohydrates<1 g<1%*Protein9 g Vitamin C (as Ascorbic Acid)90 mg100%Vitamin D (as Cholecalciferol)20 mcg100%Vitamin E (as dl-alpha tocopheryl acetate)13.5 mg90%Vitamin B6 (as Pyridoxine Hydrochloride)8.72 mg513%Iron0.2 mg1%Chromium3 mcg9%Chloride (as Pyridoxine Hydrochloride)10 mg0%Sodium35 mg2%Hydrolyzed Bovine Collagen10 g** Hyaluronic Acid (as Sodium Hyaluronate)125 mg**Resveratrol 50% (from Japanese Knotweed) (Root)25mg***Percent Daily Values are based on a 2,000 calorie diet.**Daily Value not established.",성분 추출 실패
"FutureBiotics, Certified Organic Iron + C, 90 Organic Vegetarian Tablets",Iron,Vitamin C,Supplement FactsServing Size: 3 tabletsServings Per Container: 30Amount Per Serving%Daily ValueVitamin C (from Organic Amla Fruit Extract)120 mg133%Iron (from Organic Curry Leaves Extract)27 mg150%,성분 추출 실패
"Zint, Pure Grass-Fed Collagen Peptides, Unflavored, 32 oz (907 g)",Collagen Supplements,,"Supplement FactsServing Size: 1 Scoop (12 g)Servings Per Container: About 75 Amount Per Serving%Daily ValueCalories45Protein11 g**Sodium50 mg2%†Hydrolyzed Bovine Collagen (BSE-Free)12 g**†Percent Daily Values are based on a 2,000 calorie diet.**Daily Value not established.",성분 추출 실패
"Healths Harmony, Vitamin C Immune Support, 60 Capsules",Ascorbic Acid,Immune Formulas,"Supplement FactsServing Size: 2 Vegetable CapsulesServings Per Container: 30 Amount Per Serving%Daily Value*Vitamin C (as Ascorbic Acid)500 mg 556%Vitamin D (as Cholecalciferol)10 mcg 50%Magnesium (as Magnesium Chelate)20 mg5%Zinc (as Zinc Chelate)15 mg 136%Immunity Boost BlendCordyceps Extract (fruitbody). Echinacea purpurea (whole plant) Extract, Elderberry (Sambucus nigra) Extract325 mg** *Percent Daily Value (DV) based on a 2,000 calorie diet** %Daily Value (DV) not established. ",성분 추출 실패
"Bluebonnet Nutrition, Alpha Lipoic Acid, 600 mg, 60 Vegetable Capsules",Alpha Lipoic Acid,,Supplement FactsServing Size: 1 CapsuleServing Per Container: 60Amount Per Serving:%Daily ValueAlpha Lipoic Acid (as thioctic acid)600 mg** Daily Value not established,성분 추출 실패
"21st Century, Vitamin C, Prolonged Release, 500 mg, 110 Tablets",Vitamin C,Common Cold & Flu,Supplement FactsServing Size: 1 Tablet Amount Per Serving:%Daily ValueVitamin C (as Ascorbic Acid)500 mg556%Calcium (as Calcium Carbonate)40 mg4%,성분 추출 실패
"Solaray, Schizandra, 580 mg, 100 VegCaps",Schisandra (Schizandra),,Supplement FactsServing Size: 1 VegCapAmount Per Serving%Daily Value Schizandra (Schisandra chinensis) (berry)580 mg**Daily Value not established.,성분 추출 실패
"Herbs Etc., ChlorOxygen, Chlorophyll Concentrate, 60 Fast-Acting Softgels",Chlorophyll,Oxygen Supplements,Supplement FactsServing Size: 1 SoftgelServings Per Container: 60 Amount Per Serving% Daily ValueCalories5 Sodium4 mg<1%Copper2 mg100%Chlorophyll(Sodium Copper Chlorophyllinsfrom European Fescue leaf blade)50 mg††Daily Value not established,성분 추출 실패
"Nature's Life, L-Lysine Powder, Unflavored, 200 g",L-Lysine,Common Cold & Flu,Supplement FactsServing Size: 1/4 TeaspoonServings Per Container: 460 Amount Per Serving% Daily ValueL-Lysine HCL (from Sugar Beet Molasses)435 mg**Daily Value not established.,성분 추출 실패
"Julian Bakery, InstaKetones Potassium, 0.91 lbs (414 g)",Potassium,,"Supplement FactsServing Size: 1 Scoop (13.8 g)Servings Per Container: 30 Amount Per Serving%Daily Value*Calories30 Total Fat0 g0%Cholesterol0 g0%Potassium3800 mg80%Total Carbohydrate0 g0%Protein0 g0%Beta Hydroxybutyrate(Potassium Ketone Salts)10 g†*The % Daily Value (DV) tells you how much a nutrient in a serving of food contributes to a daily diet. 2,000 calories a day is used for general nutrition advice.†Daily Value not established.",성분 추출 실패
"Natural Factors, Turmeric & Bromelain, 450 mg, 90 Capsules",Turmeric & Curcumin,,"Supplement FactsServing Size: 1 Capsule Amount Per Serving%Daily ValueCalcium (dicalcium phosphate)23 mg2%Turmeric (Curcuma longa) extract (root)300 mg**Curcumin (95%)285 mg**Bromelain 1000 GDU/g (Ananas comosus) extract (pineapple stem)150 mg(2250000 FCC PU)****Daily Value not established.GDU (Gelatin Digesting Units), FCC (Food Chemical Codex), PU (Papain Unit)",성분 추출 실패
"21st Century, Vitamin C with Rose Hips, 500 mg, 110 Tablets",Vitamin C,Common Cold & Flu,Supplement FactsServing Size: 1 Tablet Amount Per Serving% Daily ValueVitamin C (as Ascorbic Acid)500 mg556%Rose Hips37 mg****Daily Value not established.,성분 추출 실패
"Thorne Research, Omega-3 with CoQ10, 90 Gelcaps",Omega-3 Fish Oil,,"Supplement FactsServing Size: One GelcapOne Gelcap Contains:%Daily ValueCalories10 Total Fat1.5 g2%*EPA (Eicosapentaenoic Acid)(from Fish Oil)450 mg**DHA (Docosahexaenoic Acid)(from Fish Oil)180 mg**Coenzyme Q1030 mg***Percent Daily Values are based on a 2,000 calorie diet.**Daily Value (DV) not established.",성분 추출 실패
"NOW Foods, CoQ10 With Hawthorn Berry, 100 mg, 180 Veg Capsules",Coenzyme Q10 (CoQ10),,Supplement FactsServing Size: 1 Veg Capsule Amount Per Serving%Daily ValueCoenzyme Q10 (CoQ10)100 mg**Hawthorn Berry (Crataegus laevigata and/or monogyna) (Fruit)400 mg****Daily Value not established.,성분 추출 실패
"21st Century, 600+D3, Calcium & Vitamin D3 Supplement, 400 Tablets",Calcium Plus Vitamin D,,Supplement FactsServing Size: 1 Tablet Amount Per Serving% Daily ValueVitamin D3 (as Cholecalciferol)20 mcg (800 IU)100%Calcium (as Calcium Carbonate)600 mg46%,성분 추출 실패
"Solgar, Vegan CoQ-10, 200 mg, 60 Vegetable Capsules",Coenzyme Q10 (CoQ10),,Supplement FactsServing Size: 1 Vegetable CapsuleAmount Per Serving%Daily ValueCoenzyme Q-10 (as ubiquinone)200 mg****Daily Value not established,성분 추출 실패
"Garden of Life, Dr. Formulated, Stronger Bones, 150 Vegetarian Tablets",Bone Formulas,,"Supplement FactsServing Size: 5 TabletsServings Per Container: 30 Amount Per Serving%Daily ValueVitamin D (cholecalciferol from culture of S. cerevisiae)20 mcg (800 IU)100%Vitamin K (phylloquinone from culture of S. cerevisiae)90 mcg 75%Calcium (ESC® Organic Eggshell)1,300 mg 100%Vitamin K2 (as menaquinone-7)20 mcg ++Daily Value not established.",성분 추출 실패
"Barlean's, Brevail Plant Lignan Extract, 30 Capsules",Women's Hormone Support,Women's Health,Supplement FactsServing Size: 1 CapsuleServing Per Container: 30Amount Per Serving%Daily ValueVitamin D3 (as cholecalciferol)10 mcg (400 IU)50%Brevail® from flaxseed extract250 mg*Secoisolariciresinol Diglycoside50 mg**Daily Value (DV) not established.,성분 추출 실패
"Life Extension, Vegetarian DHA, 30 Vegetarian Softgels",DHA,,"Supplement FactsServing Size: 1 Vegetarian Softgel Amount Per Serving%Daily ValueCalories5 Total Fat0.5 g1%†DHA (docosahexaenoic acid) (from algae oil Schizochytrium sp.)200 mg****Daily Value not established.†Based on a 2,000 calorie diet.",성분 추출 실패
"Cheong Kwan Jang, Hong Sam Won, Korean Red Ginseng Drink, 20 Pouches, 1.69 fl oz (50 ml) Each",Ginseng,,"Supplement FactsServing Size: 1 Pouch 1.69 fl oz (50 ml)Servings Per Container: 20 Amount Per Serving%Daily Value*Calories30 Total Fat0 g0%Sodium0 mg0%Total Carbohydrates7 g3%Total Sugars5 g Protein0 gNot a significant source of saturated fat, trans fat, cholesterol, dietary fiber, added sugars, vitamin D, calcium, iron and potassium.*The % Daily Value (DV) tells you how much a nutrient in a serving of food contributes to a daily diet. 2,000 calories a day is used for general nutrition advice. ",성분 추출 실패
"Optimox, Iodoral, IOD-50, 50 mg, 30 Tablets",Potassium,,Supplement FactsServing Size: 1 TabletServings Per Container: 30 Amount Per Tablet% Daily Value*Total Iodine/Iodide50 mg33333%Iodine20 mg Iodide (as Potassium Salt)30 mg *Percent Daily Value based on a 2000 calorie diet,성분 추출 실패
"Thorne Research, Ferrasorb, 60 Capsules",Iron,Folic Acid,"Supplement FactsServing Size: One Capsule Each Capsule Contains% DVVitamin C (as Ascorbic Acid)15 mg17%Vitamin B6 (as Pyridoxal 5' -Phosphate)5 mg294%Folate (400 mcg as L-5 Methyltetrahydrofolate† from L-5-Methyltetrahydrofolic Acid, Glucosamine Salt)667 mcg DFE167%Vitamin B12 (as Methylcobalamin)300 mcg12,500%Iron (as Ferrochel® Ferrous Bisglycinate Chelate)††36 mg200%Daily Value (DV)†This product uses Gnosis S.p.A.'s L-5-Methyltetrahydrofolic Acid, Glucosamine Salt (Quatrefolic®).††This product uses Albion's Ferrochel® Ferrous Bisglycinate chelate.",성분 추출 실패
"Vital Proteins, Beauty Collagen, Lavender Lemon, 9 oz (255 g)",Collagen Supplements,,"Supplement FactsServing Size: 2 Scoops (18 g)Servings Per Container: About 14 Amount Per Serving%Daily ValueCalories70 Total Carbohydrate3 g<1%*Total Sugars1 g**Protein14 g Sodium100 mg4%Collagen Peptides (from bovine)15 g**Hyaluronic Acid (from sodium hyaluronate)120 mg**Bacillus Coagulans (LactoSpore)20 mg2B CFU†***Percent Daily Values (DV) are based on a 2,000 calorie diet.**Daily Value not established.†At time of manufacture. B = Billion",성분 추출 실패
"Trace Minerals ®, ConcenTrace, Trace Mineral Drops, 8 fl oz (237 ml)",Trace Minerals,,"Supplement FactsServing Size: 1/2 tsp (about 40 drops)Servings Per Container: 96 Amount Per Serving%DV age 1-3%DVCalories5Total Carbohydrate1 g1%‡<1%*Magnesium250 mg313%60%Chloride650 mg43%28%Sodium5 mg<1%<1%Potassium3 mg1%<1%Sulfate40 mg****Lithium1.5 mg****Boron1 mg*****Percent Daily Values (DV) are based on a 2,000 calorie diet.‡Percent Daily Values (DV) are based on a 2,000 calorie diet.**Daily Value not established.",성분 추출 실패
"NaturesPlus, Omega Krill Oil, 600 mg, 60 Liquid-Filled Capsules",Krill Oil,,Supplement FactsServing Size: 1 Liquid-Filled Capsule,성분 추출 실패
"Cococare, 100% Vitamin E Oil, 28,000 IU, 1 fl oz (30 ml)",Vitamin E Oils,,,공란 또는 타입 오류
"Vital Nutrients, Pancreatic Enzymes, 500 mg, 90 Capsules",Digestive Enzymes,,"Supplement FactsServing Size: 2 capsulesServings Per Container: 45 Amount Per Serving%Daily ValueFull Strength Pancreatin† providing:1000 mg* Protease223,000 USP units* Amylase 245,000 USP units * Lipase 35,500 USP units * *Daily Value not established.†Lactose Free",성분 추출 실패
"NOW Foods, SAMe (Disulfate Tosylate), 400 mg, 60 Enteric Coated Tablets","SAM-e, Tosylate",,Supplement FactsServing Size: 1 Tablet Amount Per Serving%Daily ValueSAMe (S-Adenosyl-L-Methionine)(from S-Adenosyl-L-Methionine Disulfate Tosylate)400 mg** Daily Value not established.,성분 추출 실패
"Nordic Naturals, Children's DHA, Ages 1-6, Strawberry, 530 mg, 16 fl oz (473 ml)",Children's DHA & Omegas,,"Supplement FactsServing Size: ½ Teaspoon (2.5 mL)Servings Per Container: 192 Amount Per Serving%DV1*%DV2**Calories20  Total Fat2.5 g6%3%Saturated Fat0.5 g5%3%Trans Fat0 g††Cholesterol10 mg3%3%Vitamin A20 mcg RAE7%2%Total Omega-3s530 mg††EPA (Eicosapentaenoic Acid)170 mg††DHA (Docosahexaenoic Acid)255 mg††Other Omega-3s105 mg††*Percent Daily Values are based on a 1,000 calorie diet.**Percent Daily Values are based on a 2,000 calorie diet.† Daily Value not established.1 Daily Value (DV) for children 1-3years of age.2 Daily Value (DV) for adults and children over 4 years of age.",성분 추출 실패
"NaturesPlus, Source of Life Garden, Iron, 30 Vegan Capsules",Iron,,Supplement FactsServing Size:  1 CapsuleServings Per Container: 30 Amount Per Serving%Daily ValueIron (from Certified Organic Curry [Murraya koenigii] extract)♦18 mg100%♦Orgen Brand,성분 추출 실패
"Sports Research, Elderberry Sambucus Complex Liquid Spray, 1,040 mg, 2 fl oz (60 ml)",Elderberry Sambucus,Sports Supplements,"Supplement FactsServing Size: 10 sprays (1.5 ml)Servings Per Container: 40 Amount Per Serving% Daily ValueProprietary Herbal Blend Extracts of Black Elderberry (Sambucus nigra), Slippery Elm Bark (Ulmus rubra), Echinacea purpurea (tops), Astragalus Root (A. membranaceus), Sage Leaf (Salvia officinalis), Propolis Resin (Resina propoli)192 mg ††Daily Value (DV) not established.",성분 추출 실패
"NOW Foods, Prenatal Gels + DHA, 90 Softgels",Prenatal Multivitamins,Pre & Post-Natal Formulas,"Supplement FactsServing Size: 3 SoftgelsServings Per Container: 30 Amount Per Serving%Daily Value*Calories15 Calories from Fat15 Total Fat1.5 g†Vitamin A (100% as Beta-Carotene)5,000 IU63%Vitamin C (from Calcium Ascorbate)100 mg167%Vitamin D-3 (as Cholecalciferol)400 IU100%Vitamin E (as d-alpha Tocopheryl Acetate)100 IU333%Vitamin K (as Menaquinone K2 and Phytonadione K1)35 mcg†Thiamin (Vitamin B-1) (from Thiamin HCl)5 mg294%Riboflavin (Vitamin B-2)5 mg250%Niacin (Vitamin B-3) (as Niacinamide)12 mg60%Vitamin B-6 (from Pyridoxine HCl)9 mg360%Folate (as Folic Acid)800 mcg100%Vitamin B-12 (as Methylcobalamin)500 mcg6250%Biotin300 mcg100%Pantothenic Acid (Vitamin B-5) (from Calcium Pantothenate)20 mg200%Calcium [from Calcium Carbonate (Aquamin® Seaweed Derived Minerals), Calcium Citrate and Calcium Ascorbate]400 mg31%Iron (from Ferrochel Iron Bisglycinate) (TRAACS)27 mg150%Iodine (from Potassium Iodide)150 mcg100%Magnesium (from Magnesium Oxide, Aquamin® Seaweed Derived Minerals and Magnesium Citrate)200 mg44%Zinc (from Zinc Bisglycinate) (TRAACS®)15 mg100%Selenium (from Selenium Glycinate Complex) (Albion®)70 mcg†Copper (from Copper Bisglycinate) (TRAACS®)2 mg100%Manganese (from Manganese Bisglycinate) (TRAACS®)2 mg†Chromium (from Chromium Chelavite) (TRAACS®)120 mcg†Molybdenum (from Molybdenum Bisglycinate) (TRAACS®)75 mcg†Potassium (from Potassium Chloride)25 mg†Fish Oil Concentrate650 mg†DHA (Docosahexaenoic Acid)250 mg†EPA (Eicosapentaenoic Acid)90 mg†Borage Oil (Seed)125 mg†GLA (Gamma Linolenic Acid)25 mg†Choline (from Choline Bitartrate)10 mg†Inositol10 mg†Lutein (from Marigold Flowers)500 mcg†Lycopene (from Natural Tomato Extract)350 mcg†* Percent Daily Values for Pregnant and Lactating Women.† Daily Value not established.",성분 추출 실패
"Macrolife Naturals, Macro Greens, Superfood, 10 oz (283.5 g)",Greens & Superfood Blends,,"Supplement FactsServing Size: About 1 Tbsp (9.4 g)Servings Per Container: About 30 Amount Per Serving% Daily ValueCalories40 Calories From Fat15 Total Fat1.5 g2%Saturated Fat0 g0%Cholesterol0 mg0%Total Carbohydrate6 g2%Dietary Fiber1 g5%Sugars2 g**Protein1 g2%Vitamin E (as d-alpha tocopherol succinate)100 IU330%Vitamin C475 mg790%Vitamin B-12 (Methylcobalamin)3 mcg50%Calcium (as Calcium Citrate)17 mg2%Magnesium (as Magnesium Glycinate)3 mg1%Sodium40 mg2%Iron1.4 mg8%Vitamin A450 IU8%Nutrient Rich Super Food Blend1735 mg**Certified Organic Barley Grass Juice Powder (1250 mg)Certified Organic Spirulina Powder (300 mg)Chlorella (Cracked Cell) (100 mg)Certified Organic Spinach Leaf Powder (83 mg)Policosinol (2 mg)Non-Dairy Probiotic Cultures Min. Organisms (At MFG)18 Billion Units**Lactobacillus AcidophilusLactobacillus RhamnosusLactobacillus BulgaricusBifidobacterium BreveBifidobacterium LongumAntioxidants Proprietary Blend1490 mg**Acerola Cherry ExtractAcerola Berry PowderCitrus Bioflavonoids (inner peels lemons, oranges, and/or grapefruits)Milk Thistle Seed Extract (80% Silymarin) (35 mg)Green Tea Leaf Extract (60% Polyphenols) (30 mg)Grape Seed Extract (95% Proanthocyanidins) (30 mg)RutinGinkgo Biloba Leaf Extract (24% Flavone Glycosides, 6% Terpene Lactones) Adaptogenic and Metabolic Herbs Proprietary Blend2808 mg**Soy LecithinCertified Organic Raspberry Fruit Powder Horsetail Stem PowderLicorice Root Powder (55 mg)Ginger Root PowderCertified Organic Parsley Leaf PowderEleuthero Root PowderSuma Root PowderAstragalus Root PowderEchinacea Angustifolia Root Extract (5% Echinacosides) (35 mg)Damiana Leaf Powder (35 mg)Natural Fibers Proprietary Blend1225 mg**Apple Pectin Cellulose PowderApple Fruit Powder (fiber)Certified Organic Flax Seed MealHarmonizing and Support Herbs Proprietary Blend1480 mg**Aloe Vera Leaf Powder (600 mg)Watercress Leaf PowderCarrot PowderYucca Root PowderCertified Organic Beet Root PowderCertified Organic Stevia ExtractDulsePrickly Pear Leaf Powder (Nopal)Natural Plant Enzymes Proprietary Blend200 mg**ProteaseCellulaseAmylaseLipaseLactase% Daily Values are based on a 2,000 calorie diet.** Daily Value not established.",성분 추출 실패
"Flora, Swedish Bitters, 8.5 fl oz (250 ml)",Herbal & Swedish Bitters,Digestive Bitters,"Supplement FactsServing Size: 1 tsp. (5 ml)Servings Per Container: 50 Amount Per Serving %Daily ValueProprietary BlendAqueous extracts of angelica root, zedoary root, cape aloe leaf, manna sap, rhubarb (rheum palmatum) root, senna leaf, myrrh resin, carline thistle root, camphor wood, valerian root, cinnamon bark, cardamom seed, saffron flower.409 mg††Daily Value not established.",성분 추출 실패
"Thorne Research, L-Glutamine Powder, 18.1 oz (513 g)",L-Glutamine,,Supplement FactsServing Size: One Scoop (5.7 g)Servings Per Container: 90 One Scoop (5.7 g) Contains:%DVL-Glutamine5 g**Daily Value (DV) not established.,성분 추출 실패
"BPI Sports, Zinc, 50 mg, 120 Tablets",Zinc,,"Supplement FactsServing Size: 1 TabletServings Per Container: 120 Amount Per Serving%Daily ValueZinc (as Zinc Gluconate, Zinc Citrate)50 mg455% ",성분 추출 실패
"Swanson, Brain Essentials, 60 Veggie Capsules",Cognitive & Memory Formulas,,"Supplement FactsServing Size: 1 Veggie Capsule Amount Per Serving%Daily ValueVitamin B6 (as pyridoxine HCI)25 mg1,471%Vitamin B12 (as cyanocobalamin)250 mcg10,417%Pantothenic Acid (as d-calcium pantothenate)25 mg500%Gotu Kola Extract (10% asiaticosides) (aerial parts)150 mg*L-Glutamine100 mg*L-Tyrosine100 mg*Soy Lecithin (26% phosphatidylcholine)100 mg*Ginkgo biloba Leaf Extract (standardized to 24% flavone glycosides, 6% terpene lactones)60 mg*DHA (docosahexaenoic acid)30 mg*Alpha-Lipoic Acid25 mg*DMAE Bitartrate25 mg*Phosphatidylserine1 mg**Daily Value not established.",성분 추출 실패
"American Health, Ester-C with Citrus Bioflavonoids, 250 mg, 120 Capsules",Ester-C,Common Cold & Flu,"Serving Size: 2 CapsulesServings Per Container: 60 Amount Per Serving % Daily Value Vitamin C(as Ester-C® Calcium Ascorbate)1,000 mg (1 g)1,111%Calcium(as Ester-C® Calcium Ascorbate)110 mg8%Citrus Bioflavonoids ComplexCitrus Bioflavonoids (Citrus limon) (fruit), Sweet Orange,Tangerine, Lime, Lemon, Acerola, Rutin, Hesperidin Complex(Citrus spp.) (fruit), Naturally Occurring Vitamin C Metabolites400 mg****Daily Value not established.",성분 추출 실패
"Harney & Sons, Hemp Moringa, Deep Sleep, Wellness Tea & Herbs, 10 oz (283 g)",Medicinal Teas,Herbal Tea,,공란 또는 타입 오류
"Enzymedica, Lacto, Most Advanced Dairy Digestion Formula, 30 Capsules",Digestive Enzymes,,"Supplement FactsServing Size: 1 CapsuleServings Per Container: 30 Amount Per Serving%DVLactase9,500 ALU**Amylase Thera-blend™7,500 DU**Protease Thera-blend™25,000 HUT**Glucoamylase25 AGU**Maltase350 DP°**Lipase Thera-blend™686 FIP**Cellulase Thera-blend™300 CU**Alpha Galactosidase50 GalU**Invertase76 SU****Daily Value not established.",성분 추출 실패
"Jarrow Formulas, L-Carnitine 500, 500 mg, 100 Veggie Licaps",L-Carnitine,,Supplement FactsServing Size: 1 Vegetarian Licap®Servings Per Container: 100 Amount Per Serving% DVL-Carnitine (free base)500 mg††Daily Value not established.,성분 추출 실패
"Sports Research, Sweet Sweat Workout Enhancer, 6.5 oz (184 g)",Workout Enhancers,,,공란 또는 타입 오류
"Universal Nutrition, ZMA Pro, 90 Capsules",Zinc Magnesium Aspartate,,Supplement FactsServing Size: 3 CapsulesServing Per Container: 30 Amount Per Serving%DVVitamin B6 (as pyridoxine HCI)10.5 mg618%Magnesium (as aspartate)450 mg107%Zinc (as I-monomethionine and aspartate)30 mg273%,성분 추출 실패
"Mason Natural, Vitamin K, 100 mcg, 100 Tablets",Vitamin K,,Supplement FactsServing Size: 1 Tablet Amount Per Serving% Daily ValueVitamin K (phytonadione)100 mcg83%,성분 추출 실패
"Advanced Orthomolecular Research AOR, Advanced Magnesium Complex, 90 Capsules",Magnesium,,"Supplement FactsServing Size: 1 CapsuleServing Per Container: 90Per CapsulePer Day (3 Capsules) Amount Per Serving% Daily ValueAmount Per Serving% Daily ValueVitamin C (from magnesium ascorbate)100 mg111%300 mg333%Magnesium (from magnesium glycinate, ascorbate, malate, and aspartate)100 mg25%300 mg70%Glycine (from Magnesium Glycinate)480 mg†1,440 mg†Aspartate (from Magnesium Aspartate)50 mg†150 mg†Malate (from Magnesium Malate)50 mg†150 mg††Daily Value not established.",성분 추출 실패
"Source Naturals, High Potency B-1, 500 mg, 100 Tablets",B1,,"Supplement FactsServing Size: 1 Tablet Amount Per Serving%DVThiamin (vitamin B-1)500 mg41,667%Magnesium (as magnesium citrate, malate, oxide & succinate acid complex)100 mg4%",성분 추출 실패
"NOW Foods, Elderberry Liquid, 500 mg, 8 fl oz (237 ml)",Elderberry Sambucus,Common Cold & Flu,"Supplement FactsServing Size: 1 Teaspoon (5 ml)Servings Per Container: about 47 Amount Per Serving%Daily ValueCalories15 Total Carbohydrate4g1%**Elderberry (10:1 Concentrate) (Sambucus nigra) (Fruit)500 mg†**Percent Daily Values are based on a 2,000 calorie diet.† Daily Value not established.",성분 추출 실패
"Kyolic, Aged Garlic Extract, Immune, Formula 103, 200 Capsules",Garlic,Immune Formulas,"Supplement FactsServing Size: 2 CapsulesServings Per Container: 100 Amount per Serving% Daily ValueVitamin C (calcium ascorbate)105 mg117%Aged Garlic Extract™†† Powder (bulb)440 mg**Premium Mushroom Complex150 mg**Shiitake, Maitake, Poria Cocos, Reishi and AgaricusAstragalus extract (root)100 mg**Oregano Extract (leaf)100 mg**Olive Leaf extract (oleuropein 18%)80 mg****Daily Value not established.††Special Garlic Preparation.",성분 추출 실패
"Jarrow Formulas, Resveratrol, 100 mg, 120 Veggie Caps",Resveratrol,,Supplement FactsServing Size: 1 Capsule Amount Per Serving% DVVitamin C (as ascorbic acid)100 mg111%Resveratrol (from Tiger Cane Root)(Min. 90 mg trans-resveratrol)(Polygonum cuspidatum)100 mg††Daily Value (DV) not established.,성분 추출 실패
"Kyolic, Aged Garlic Extract, CoQ10, Formula 110, 100 Capsules",Coenzyme Q10 (CoQ10),Heart Support Formulas,Supplement FactsServing Size: 2 CapsulesServings Per Container: 50 Amount Per Serving%Daily ValueAged Garlic Extract™†† Powder (bulb)600 mg**Coenzyme Q1060 mg****Daily Value not established†† Special Garlic Preparation,성분 추출 실패
"Viva Naturals, Vitamin C, 1,000 mg, 250 Veggie Capsules",Vitamin C,,"Supplement FactsServing Size: 1 Vegetarian CapsuleServings Per Container: 250 Amount Per Serving%Daily ValueVitamin C(Proprietary Blend of L-Ascorbic acid, Citrus Bioflavonoids [Citrus sinensis, peel], Rose Hips [Rosa canina, fruit])1000 mg1111%",성분 추출 실패
"Solaray, ImmuFight, Maximum Daily Defense, 90 VegCaps",Vitamin C,Immune Formulas,"Supplement FactsServing Size: 3 VegCapsServing Per Container: 30 Amount Per Serving%Daily ValueTotal Carbohydrates1 g<1%†Dietary Fiber<1 g<1%†Vitamin C (from Calcium Strontium Ascorbate as Reacta-C®)1,000 mg1,111%Vitamin D Organic (as Cholecalciferol from Algae)(D-3)62 mcg310%Zinc (from Zinc Citrate)25 mg227%Selenium (from Yeast-Free Selenomethionine)110 mcg200%Monolaurin (Glyceryl Monolaurate [GML] (Coconut)150 mg*Grapefruit (Citrus paradisi) (seed extract)150 mg*Acacia Gum75 mg*Bioflavonoids Concentrate (from Citrus)12 mg*Bacillus coagulans (Supplying 100 Billion CFU/g)10 mg*Acerola Cherry (Juice Powder)4 mg*Rose Hips (fruit)4 mg*†Percent Daily Values are based on a 2,000 calorie diet.*Daily Value not established.",성분 추출 실패
"Life Extension, NitroVasc Boost, Berry Flavor, 30 Stick Packs",Inositol,Blood Support Formulas,Supplement FactsServing Size: 1 Stick Pack (3.14 g) Amount Per Serving% Daily ValueInositol-stabilized Arginine Silicate [as Nitrosigine®]1500 mg **Aronia [Aronia melanocarpa(fruit) std. to ≥ 2% total polyphenols500 mg ****Daily Value not established.,성분 추출 실패
"Kyolic, Kyo-Dophilus, Daily Probiotic, 3 Billion CFU, 360 Capsules",Probiotics,Immune Formulas,"Supplement Facts Serving Size: 2 capsules Servings Per Container: 180 Amount Per Serving% Daily ValueProprietary BlendLactobacillus gasseri KS-13, Bifidobacterium bifidum G9-1, Bifidobacterium longum MM-23 billion live cells†**** Daily Value not established† Prior to Expiration",성분 추출 실패
"Nature's Truth, E-Oil, Lemon, 30,000 IU (13,500 mg), 4 fl oz (118 ml)",Vitamin E Oils,,,공란 또는 타입 오류
"Natural Vitality, CALM, The Anti-Stress Drink Mix,  Sweet Lemon, 16 oz (453 g)",Magnesium,,Supplement FactsServing Size: 2 teaspoons (4 g)Servings Per Container: About 113 Amount per Serving% DVMagnesium (as magnesium carbonate)325 mg77%Percent Daily Value (% DV),성분 추출 실패
"Nature's Way, Vitamin C with Bioflavonoids, 1,000 mg, 250 Vegan Capsules",Vitamin C,Common Cold & Flu,"Supplement FactsServing Size: 1 Capsule Amount Per Serving% Daily ValueVitamin C (ascorbic acid)1 g1,111%Citrus bioflavonoid complex (from orange, grapefruit, lemon, lime, tangerine)50 mg****Daily Value (DV) not established.",성분 추출 실패
"Doctor's Best, High Absorption CoQ10 with BioPerine, 300 mg, 90 Veggie Softgels",Coenzyme Q10 (CoQ10),,Supplement FactsServing Size: 1 Veggie SoftgelServings Per Container: 90 Amount Per Serving% Daily ValueCoenzyme Q10 (Ubiquinone)300 mg†Black Pepper Ext. (Piper nigrum)(fruit)(standardized to contain 95% Piperine)(BioPerine®)5 mg†† Daily Value not established.,성분 추출 실패
"Kyolic, Aged Garlic Extract, Blood Sugar Balance, 100 Capsules",Chromium,Blood Support Formulas,"Supplement FactsServing Size: 2 capsulesServings Per Container: 50 Amount Per Serving%Daily ValueNiacin (as nicotinic acid)13.2 mg83%Chromium (as chromium picolinate)90 mcg257%Aged Garlic Extract™†† Powder (bulb)600 mg**Salacia Extract (Salacia reticulata, bark)150 mg**Bitter Melon Extract (Momordica charantia, fruit)120 mg****Daily Value not established†† Special Garlic Preparation",성분 추출 실패
"Youtheory, Turmeric, 120 Tablets",Turmeric & Curcumin,,"Supplement FactsServing Size: 3 tabletsServing Per Container: 40 Amount Per Serving:% Daily ValueTurmeric (rhizome) (Curcuma longa) extract(95% curcuminoids, 427 mg) Curcumin C3 Complex®450 mg**Olive (leaf) extract300 mg**Black Pepper (fruit) extract(95% piperine, 14 mg) BioPerine®15 mg****Daily Value not established",성분 추출 실패
"Wiley's Finest, Wild Alaskan Fish Oil, Prenatal DHA, 600 mg, 60 Fish Softgels",Pre & Post-Natal Formulas,,"Supplement FactsServing Size: 2 SoftgelsServings Per Container: 30 Amount Per Serving% Daily Value*Calories15 Total Fat1.5 g2%Cholesterol15 mg5%Concentrated Fish Oil1200 mgEPA (Eicosapentaenoic Acid)120 mg**DHA (Docosahexaenoic Acid)600 mgOther Omega-3 Fatty Acids60 mg*The % Daily Value (DV) tells you how much a nutrient in a serving of food contributes to a daily diet. 2,000 calories a day is used for general nutrition advice.**Daily Value not established",성분 추출 실패
"Pure Protein, Protein Bar, Chocolate Peanut Caramel, 12 Bars, 1.76 oz (50 g) Each",Whey Protein Bars,Milk Protein Bars,"Supplement FactsServing Size:  1 Bar (50 g)Servings Per Container: 12 Amount Per Serving%Daily Value*Calories190 Total Fat6 g8%Saturated Fat4 g20%Trans Fat0 g Cholesterol15 mg5%Sodium210 mg9%Total Carbohydrate16 g6%Dietary Fiber<1 g2%Total Sugars2 g Includes <1 g Added Sugars1%Sugar Alcohol8 g Protein20 g34%Vitamin D0 mcg0%Iron0.6 mg4%Calcium130 mg10%Potassium95 mg2%*The % Daily Value (DV) tells you how much a nutrient in a serving of food contributes to a daily diet. 2,000 calories a day is used for general nutrition advice.",성분 추출 실패
"Simply Organic, Single Origin, Guatemalan Turmeric, 2.05 oz (58 g)",Turmeric Spices,,,공란 또는 타입 오류
"Culturelle, Probiotics, Health & Wellness, 15 Billion CFUs, 50 Once Daily  Vegetarian Capsules",Lactobacillus,,"Supplement FactsServing Size: One (1) Capsule Amount Per Serving%Daily ValueCalories0 Total Carbohydrate0 g0%+Total Sugars0 g**Incl. 0 g Added Sugars 0%+Sodium (as sodium ascorbate)5 mg<1%Lactobacillus rhamnosus GG50 mg(15 billion CFUs)**+Percent Daily Values are based on a 2,000 calorie diet.**Daily Value not established.",성분 추출 실패
"Pure Essence, BrainEssence, 60 Tablets",Cognitive & Memory Formulas,,"Supplement FactsServing Size: 2 TabletsServing Per Container: 30 Amount Per Serving%Daily ValueAcetyl-L-Carnitine500 mg*Bacopa monnieri extract (whole herb)300 mg*Organic Ashwagandha extract (root) (KSM-66®)200 mg*Mucuna pruriens (seed)200 mg*Schizandra extract (fruit and seed)200 mg*Phosphatidylserine (Sharp PS®, soy-free)100 mg*Alpha lipoic acid100 mg*Gotu kola extract (leaf)75 mg*Rhodiola extract (RhodioLife® - Certified Standardized Siberian Rhodiola root extract)50 mg*Fisetin extract (stem) (Novusetin®)10 mg*Chinese club moss extract (whole herb) (1% huperzine-A)100 mcg**Daily Value (DV) not established.",성분 추출 실패
"Nature's Way, Zinc Chelate, 30 mg, 100 Capsules",Zinc,Common Cold & Flu,Supplement FactsServing Size: 1 Capsule Amount Per Serving% Daily ValueZinc (as Zinc bisglycinate chelate)30 mg273%Daily Value (DV).,성분 추출 실패
"Thorne Research, Iodine & Tyrosine, 60 Capsules",L-Tyrosine,Iodine,Supplement FactsServing Size:  One Capsule One Capsule Contains:%Daily ValueIodine (as Potassium Iodide)225 mcg150%L-Tyrosine500 mg**Daily Value (DV) not established.,성분 추출 실패
"Christopher's Original Formulas, X-INFX, 440 mg, 100 Vegetarian Caps",Herbal Formulas,,"Supplement FactsServing Size: 2 CapsulesServings per Container: 50 Amount Per Serving% Daily ValueProprietary BlendWildcrafted Black Walnut Leaf, Wildcrafted Goldenseal Root, Wildcrafted Bugleweed Herb, Wildcrafted Plantain Leaf, Wildcrafted Marshmallow Root, and Organic Lobelia Herb880 mg**Daily Value not established",성분 추출 실패
"Natures Craft, Uric Acid Formula, 60 Capsules",Herbal Formulas,,Supplement FactsServing Size: 2 Vegetable CapsulesServings Per Container: 30 Amount Per Serving%Daily ValueVitamin B-6 (as pyridoxine HCI)5 mg294%Citric Acid250 mg**Chanca Piedra 4:1 (Extract) (Phyllanthus niruri) (stem and leaf)250 mg**Celery 10:1 Extract (seed)200 mg**Tart Cherry 4:1 Extract (fruit)200 mg**Green Coffee Bean 50% Extract100 mg**Milk Thistle 80% Extract (seed)100 mg**Cranberry 4:1 Extract (fruit)100 mg**Pomegranate 40% Extract (fruit)100 mg**Amala 4:1 Extract (fruit)25 mg**Bromelain (2400 GDU/g)25 mg**Yucca 4:1 Extract (root)25 mg**Devil's Claw 5% Extract (root)25 mg**Turmeric 95% Extract (rhizome)25 mg****Daily Value not established.,성분 추출 실패
